AA_ind	date	codon	AA	freq
S/5	2021-03	CTT	L	0.86
S/5	2021-03	TTT	F	0.13
S/5	2021-04	CTT	L	0.72
S/5	2021-04	TTT	F	0.28
S/5	2021-05	CTT	L	0.73
S/5	2021-05	TTT	F	0.27
S/13	2021-02	ATT	I	0.06
S/13	2021-03	AGT	S	0.88
S/13	2021-03	ATT	I	0.12
S/13	2021-04	ATT	I	0.09
S/18	2020-09	CTT	L	0.89
S/18	2020-09	TTT	F	0.11
S/18	2020-10	CTT	L	0.8
S/18	2020-10	TTT	F	0.19
S/18	2020-11	CTT	L	0.81
S/18	2020-11	TTT	F	0.19
S/18	2020-12	CTT	L	0.85
S/18	2020-12	TTT	F	0.15
S/18	2021-01	TTT	F	0.1
S/18	2021-02	CTT	L	0.89
S/18	2021-02	TTT	F	0.1
S/18	2021-03	CTT	L	0.88
S/18	2021-03	TTT	F	0.12
S/18	2021-04	CTT	L	0.72
S/18	2021-04	TTT	F	0.27
S/18	2021-05	CTT	L	0.66
S/18	2021-05	TTT	F	0.34
S/20	2021-03	AAC	N	0.07
S/20	2021-04	AAC	N	0.25
S/20	2021-04	ACC	T	0.74
S/20	2021-05	AAC	N	0.32
S/20	2021-05	ACC	T	0.68
S/26	2021-03	TCT	S	0.08
S/26	2021-04	CCT	P	0.74
S/26	2021-04	TCT	S	0.26
S/26	2021-05	CCT	P	0.68
S/26	2021-05	TCT	S	0.32
S/95	2021-03	ACT	T	0.88
S/95	2021-03	ATT	I	0.12
S/95	2021-04	ACT	T	0.71
S/95	2021-04	ATT	I	0.29
S/95	2021-05	ACT	T	0.72
S/95	2021-05	ATT	I	0.28
S/138	2021-03	TAT	Y	0.08
S/138	2021-04	GAT	D	0.75
S/138	2021-04	TAT	Y	0.25
S/138	2021-05	GAT	D	0.68
S/138	2021-05	TAT	Y	0.32
S/152	2021-02	TGT	C	0.06
S/152	2021-03	TGG	W	0.85
S/152	2021-03	TGT	C	0.11
S/152	2021-04	TGT	C	0.09
S/190	2021-03	AGT	S	0.07
S/190	2021-04	AGG	R	0.75
S/190	2021-04	AGT	S	0.25
S/190	2021-05	AGG	R	0.68
S/190	2021-05	AGT	S	0.31
S/222	2020-08	GTT	V	0.07
S/222	2020-09	GCT	A	0.72
S/222	2020-09	GTT	V	0.28
S/222	2020-10	GCT	A	0.56
S/222	2020-10	GTT	V	0.44
S/222	2020-11	GCT	A	0.59
S/222	2020-11	GTT	V	0.41
S/222	2020-12	GCT	A	0.64
S/222	2020-12	GTT	V	0.36
S/222	2021-01	GCT	A	0.72
S/222	2021-01	GTT	V	0.28
S/222	2021-02	GCT	A	0.78
S/222	2021-02	GTT	V	0.22
S/222	2021-03	GCT	A	0.89
S/222	2021-03	GTT	V	0.11
S/253	2021-03	GAT	D	0.89
S/253	2021-03	GGT	G	0.11
S/253	2021-04	GAT	D	0.73
S/253	2021-04	GGT	G	0.27
S/253	2021-05	GAT	D	0.74
S/253	2021-05	GGT	G	0.26
S/417	2021-03	ACG	T	0.06
S/417	2021-04	AAG	K	0.76
S/417	2021-04	ACG	T	0.24
S/417	2021-05	AAG	K	0.68
S/417	2021-05	ACG	T	0.31
S/452	2021-02	CGG	R	0.07
S/452	2021-03	CGG	R	0.14
S/452	2021-03	CTG	L	0.85
S/452	2021-04	CGG	R	0.13
S/452	2021-04	CTG	L	0.87
S/452	2021-05	CGG	R	0.1
S/461	2021-05	CTT	L	0.06
S/477	2020-07	AAC	N	0.21
S/477	2020-07	AGC	S	0.79
S/477	2020-08	AAC	N	0.12
S/477	2020-08	AGC	S	0.88
S/477	2020-09	AAC	N	0.06
S/477	2020-10	AAC	N	0.06
S/477	2020-11	AAC	N	0.07
S/477	2020-12	AAC	N	0.07
S/477	2021-01	AAC	N	0.07
S/477	2021-02	AAC	N	0.06
S/477	2021-03	AAC	N	0.07
S/477	2021-04	AAC	N	0.11
S/477	2021-04	AGC	S	0.88
S/477	2021-05	AAC	N	0.13
S/477	2021-05	AGC	S	0.87
S/478	2021-03	AAA	K	0.08
S/478	2021-04	AAA	K	0.1
S/478	2021-05	AAA	K	0.11
S/478	2021-05	ACA	T	0.89
S/484	2021-03	AAA	K	0.19
S/484	2021-03	GAA	E	0.8
S/484	2021-04	AAA	K	0.44
S/484	2021-04	GAA	E	0.54
S/484	2021-05	AAA	K	0.49
S/484	2021-05	GAA	E	0.49
S/501	2021-03	AAT	N	0.88
S/501	2021-03	TAT	Y	0.12
S/501	2021-04	AAT	N	0.69
S/501	2021-04	TAT	Y	0.31
S/501	2021-05	AAT	N	0.61
S/501	2021-05	TAT	Y	0.39
S/613	2020-07	CAA	Q	0.21
S/613	2020-07	CAG	Q	0.79
S/613	2020-08	CAA	Q	0.1
S/614	2020-01	GAT	D	0.89
S/614	2020-01	GGT	G	0.11
S/614	2020-02	GAT	D	0.82
S/614	2020-02	GGT	G	0.18
S/614	2020-03	GAT	D	0.27
S/614	2020-03	GGT	G	0.73
S/614	2020-04	GAT	D	0.13
S/614	2020-04	GGT	G	0.87
S/614	2020-05	GAT	D	0.07
S/655	2021-03	TAT	Y	0.07
S/655	2021-04	CAT	H	0.75
S/655	2021-04	TAT	Y	0.25
S/655	2021-05	CAT	H	0.68
S/655	2021-05	TAT	Y	0.32
S/681	2021-02	CAT	H	0.1
S/681	2021-02	CCT	P	0.89
S/681	2021-03	CAT	H	0.15
S/681	2021-03	CCT	P	0.83
S/681	2021-04	CAT	H	0.16
S/681	2021-04	CCT	P	0.8
S/681	2021-05	CAT	H	0.18
S/681	2021-05	CCT	P	0.78
S/701	2021-03	GTA	V	0.08
S/701	2021-04	GCA	A	0.81
S/701	2021-04	GTA	V	0.19
S/701	2021-05	GCA	A	0.84
S/701	2021-05	GTA	V	0.16
S/716	2021-04	ATA	I	0.06
S/716	2021-05	ATA	I	0.06
S/732	2021-03	GCC	A	0.08
S/732	2021-04	GCC	A	0.09
S/732	2021-05	GCC	A	0.09
S/924	2020-10	GCT	A	0.1
S/924	2020-11	GCT	A	0.09
S/929	2021-03	AGC	S	0.08
S/929	2021-04	AGC	S	0.07
S/957	2021-04	CGA	R	0.08
S/957	2021-05	CGA	R	0.1
S/1027	2021-03	ATT	I	0.07
S/1027	2021-04	ACT	T	0.74
S/1027	2021-04	ATT	I	0.26
S/1027	2021-05	ACT	T	0.67
S/1027	2021-05	ATT	I	0.33
S/1176	2021-03	TTT	F	0.08
S/1176	2021-04	GTT	V	0.74
S/1176	2021-04	TTT	F	0.26
S/1176	2021-05	GTT	V	0.67
S/1176	2021-05	TTT	F	0.33
